{"fe_furious02": {"Expressions_cheekSneerL_max": 1.0, "Expressions_browSqueezeL_max": 1.0, "Expressions_browSqueezeR_max": 1.0, "Expressions_cheekSneerR_max": 1.0, "Expressions_browsMidVert_min": 1.0, "Expressions_mouthOpenAggr_max": 1.0}, "fe_drained01": {"Expressions_eyeClosedL_max": 0.48, "Expressions_mouthClosed_min": 1.0, "Expressions_eyeClosedR_max": 0.42}, "fe_serene01": {"Expressions_mouthSmile_max": 0.24, "Expressions_mouthSmileL_max": 0.12, "Expressions_eyeClosedR_max": 0.04, "Expressions_eyeClosedL_max": 0.1}, "fe_evil02": {"Expressions_eyesVert_max": 0.48, "Expressions_mouthSmileOpen2_max": 1.0, "Expressions_cheekSneerL_max": 1.0, "Expressions_browSqueezeL_max": 1.0, "Expressions_browSqueezeR_max": 1.0, "Expressions_eyesHoriz_max": 0.0, "Expressions_cheekSneerR_max": 1.0, "Expressions_browsMidVert_min": 1.0}, "fe_tired01": {"Expressions_eyeClosedL_max": 0.48, "Expressions_browOutVertL_max": 0.18, "Expressions_eyeClosedR_max": 0.42}, "fe_flirty01": {"Expressions_eyesVert_max": 0.36, "Expressions_browOutVertR_max": 0.78, "Expressions_mouthHoriz_max": 0.24, "Expressions_browsMidVert_max": 0.6, "Expressions_cheekSneerL_max": 0.3, "Expressions_mouthSmileL_max": 0.48, "Expressions_browOutVertL_max": 0.9, "Expressions_mouthSmile_max": 0.24, "Expressions_mouthClosed_max": 0.72}, "fe_pain01": {"Expressions_eyeClosedPressureR_max": 1.0, "Expressions_browOutVertR_min": 1.0, "Expressions_eyeClosedPressureL_max": 1.0, "Expressions_cheekSneerL_max": 1.0, "Expressions_browSqueezeL_max": 1.0, "Expressions_browSqueezeR_max": 1.0, "Expressions_browOutVertL_min": 1.0, "Expressions_cheekSneerR_max": 1.0, "Expressions_browsMidVert_min": 1.0, "Expressions_mouthOpen_min": 1.0}, "fe_sarcastic01": {"Expressions_eyeSquintL_max": 0.12, "Expressions_eyeSquintR_max": 0.12, "Expressions_eyeClosedR_max": 0.06, "Expressions_cheekSneerL_max": 0.54, "Expressions_eyeClosedL_max": 0.06, "Expressions_mouthClosed_max": 1.0, "Expressions_mouthSmile_max": 0.3, "Expressions_browOutVertR_max": 1.0, "Expressions_browsMidVert_max": 1.0, "Expressions_mouthSmileL_max": 0.72, "Expressions_browOutVertL_max": 0.84, "Expressions_cheekSneerR_max": 0.42}, "fe_bored01": {"Expressions_browOutVertR_max": 0.72, "Expressions_eyeClosedR_min": 0.54, "Expressions_browsMidVert_max": 0.84, "Expressions_eyeClosedL_min": 0.72, "Expressions_mouthOpenLarge_max": 0.0, "Expressions_browOutVertL_max": 0.78, "Expressions_mouthOpenO_min": 0.48, "Expressions_mouthInflated_max": 1.0}, "fe_annoyed01": {"Expressions_mouthOpen_max": 0.0, "Expressions_jawHoriz_max": 0.12, "Expressions_browOutVertR_max": 0.66, "Expressions_eyesVert_max": 0.6, "Expressions_browSqueezeL_max": 0.96, "Expressions_eyesHoriz_max": 0.66, "Expressions_mouthOpenO_max": 0.36, "Expressions_browsMidVert_min": 0.36}, "fe_irritated01": {"Expressions_eyeSquintL_max": 0.48, "Expressions_mouthSmile_min": 0.36, "Expressions_eyeSquintR_max": 0.42, "Expressions_browsMidVert_min": 0.42, "Expressions_cheekSneerL_max": 0.36, "Expressions_browSqueezeL_max": 0.84, "Expressions_browSqueezeR_max": 1.0, "Expressions_jawHoriz_min": 0.24, "Expressions_cheekSneerR_max": 0.18, "Expressions_browOutVertL_max": 0.24, "Expressions_mouthOpenAggr_max": 0.0}, "fe_happy01": {"Expressions_eyeSquintL_max": 0.4, "Expressions_browOutVertR_max": 0.42, "Expressions_eyeSquintR_max": 0.4, "Expressions_cheekSneerL_max": 0.1, "Expressions_cheekSneerR_max": 0.1, "Expressions_mouthSmileL_max": 0.18, "Expressions_mouthSmile_max": 1.0}, "fe_confused02": {"Expressions_eyeSquintL_max": 0.18, "Expressions_browsMidVert_max": 0.96, "Expressions_eyeSquintR_max": 0.12, "Expressions_eyeClosedR_max": 0.06, "Expressions_eyeClosedPressureL_max": 0.06, "Expressions_cheekSneerL_max": 0.36, "Expressions_browSqueezeL_max": 1.0, "Expressions_browSqueezeR_max": 0.96, "Expressions_eyesHoriz_max": 0.9, "Expressions_mouthSmileL_max": 0.12, "Expressions_mouthClosed_min": 0.78}, "fe_crying02": {"Expressions_eyeClosedPressureR_max": 1.0, "Expressions_mouthSmile_min": 0.6, "Expressions_eyeClosedPressureL_max": 1.0, "Expressions_cheekSneerL_max": 1.0, "Expressions_browSqueezeL_max": 1.0, "Expressions_browSqueezeR_max": 1.0, "Expressions_cheekSneerR_max": 1.0, "Expressions_browsMidVert_min": 1.0, "Expressions_mouthOpenAggr_max": 0.52}, "fe_surprise02": {"Expressions_eyesVert_min": 0.2, "Expressions_browOutVertR_max": 0.12, "Expressions_mouthSmileOpen2_max": 0.48, "Expressions_browsMidVert_max": 0.72, "Expressions_eyeClosedL_min": 0.6, "Expressions_eyeClosedR_min": 0.6, "Expressions_browOutVertL_max": 0.18}, "fe_lazy01": {"Expressions_eyeClosedL_max": 0.18, "Expressions_eyeClosedR_max": 0.18}, "fe_kiss01": {"Expressions_eyesVert_min": 0.2, "Expressions_browsMidVert_max": 0.6, "Expressions_mouthOpenLarge_min": 1.0}, "fe_surprise01": {"Expressions_eyesVert_min": 0.2, "Expressions_browOutVertR_max": 0.12, "Expressions_eyeClosedR_min": 0.6, "Expressions_browsMidVert_max": 0.72, "Expressions_eyeClosedL_min": 0.6, "Expressions_browOutVertL_max": 0.18, "Expressions_mouthOpenO_max": 0.24}, "fe_surprise03": {"Expressions_browOutVertR_max": 0.54, "Expressions_eyeClosedR_min": 0.6, "Expressions_browsMidVert_max": 0.72, "Expressions_eyeClosedL_min": 0.42, "Expressions_browOutVertL_max": 0.36, "Expressions_mouthOpenO_min": 0.54}, "fe_grin01": {"Expressions_eyesVert_min": 0.2, "Expressions_mouthSmileOpen2_max": 1.0, "Expressions_browsMidVert_max": 0.6}, "fe_breathing_in": {"Expressions_chestExpansion_max": 1.0, "Expressions_abdomExpansion_min": 0.58}, "fe_sleep01": {"Expressions_eyeClosedL_max": 1.0, "Expressions_mouthClosed_min": 0.24, "Expressions_eyeClosedR_max": 1.0}, "fe_furious01": {"Expressions_cheekSneerL_max": 1.0, "Expressions_browSqueezeL_max": 1.0, "Expressions_browSqueezeR_max": 1.0, "Expressions_cheekSneerR_max": 1.0, "Expressions_browsMidVert_min": 1.0, "Expressions_mouthOpenAggr_max": 1.0}, "fe_peaceful01": {"Expressions_mouthSmile_max": 0.24, "Expressions_mouthSmileL_max": 0.12, "Expressions_eyeClosedR_max": 1.0, "Expressions_eyeClosedL_max": 1.0}, "fe_shocked01": {"Expressions_mouthOpenAggr_min": 0.24, "Expressions_eyeClosedR_min": 1.0, "Expressions_mouthClosed_min": 1.0, "Expressions_eyeClosedL_min": 0.6, "Expressions_browSqueezeL_max": 1.0, "Expressions_browSqueezeR_max": 0.54}, "fe_anxious01": {"Expressions_eyesHoriz_min": 0.48, "Expressions_browOutVertL_min": 0.3, "Expressions_browOutVertR_min": 0.24, "Expressions_eyeClosedR_max": 0.3, "Expressions_eyeClosedL_max": 0.3, "Expressions_browSqueezeL_max": 0.76, "Expressions_browSqueezeR_max": 0.42, "Expressions_mouthBite_min": 1.0, "Expressions_eyesVert_min": 0.54, "Expressions_browsMidVert_max": 0.3}, "fe_angry01": {"Expressions_mouthOpenAggr_min": 0.56, "Expressions_cheekSneerL_max": 1.0, "Expressions_browSqueezeL_max": 1.0, "Expressions_browSqueezeR_max": 1.0, "Expressions_cheekSneerR_max": 1.0, "Expressions_browsMidVert_min": 1.0}, "fe_sad02": {"Expressions_browOutVertR_max": 0.4, "Expressions_mouthSmile_min": 0.18, "Expressions_browsMidVert_max": 1.0, "Expressions_eyeClosedL_min": 0.66, "Expressions_eyesVert_max": 0.2, "Expressions_eyeClosedR_min": 0.66, "Expressions_browOutVertL_max": 0.36, "Expressions_mouthSmileOpen2_min": 0.06, "Expressions_mouthClosed_max": 0.24, "Expressions_mouthSmileOpen_min": 0.12}, "fe_excited01": {"Expressions_browOutVertR_max": 0.66, "Expressions_browOutVertL_max": 1.0, "Expressions_mouthSmileOpen_max": 1.0, "Expressions_browsMidVert_max": 1.0}, "fe_shy01": {"Expressions_eyeClosedL_max": 0.36, "Expressions_eyesHoriz_min": 0.66, "Expressions_eyesVert_min": 0.72, "Expressions_eyeClosedR_max": 0.36, "Expressions_mouthOpen_min": 0.94}, "fe_crying01": {"Expressions_eyeSquintL_max": 0.12, "Expressions_browOutVertR_min": 1.0, "Expressions_eyeClosedR_max": 0.18, "Expressions_eyeClosedPressureR_max": 0.42, "Expressions_eyeClosedL_max": 0.2, "Expressions_browOutVertL_min": 0.36, "Expressions_eyesHoriz_min": 0.42, "Expressions_eyeSquintR_max": 0.12, "Expressions_eyesVert_min": 0.42, "Expressions_browsMidVert_max": 1.0, "Expressions_eyeClosedPressureL_max": 0.42, "Expressions_browSqueezeL_max": 1.0, "Expressions_mouthLowerOut_min": 0.36, "Expressions_mouthBite_min": 0.36, "Expressions_browSqueezeR_max": 1.0, "Expressions_mouthOpen_min": 0.18}, "fe_confused01": {"Expressions_eyeSquintL_max": 0.18, "Expressions_mouthOpenAggr_min": 0.36, "Expressions_eyeSquintR_max": 0.12, "Expressions_eyeClosedR_max": 0.06, "Expressions_eyeClosedPressureL_max": 0.06, "Expressions_cheekSneerL_max": 0.36, "Expressions_browSqueezeL_max": 1.0, "Expressions_browSqueezeR_max": 0.96, "Expressions_eyesHoriz_max": 0.9, "Expressions_mouthSmileL_max": 0.12, "Expressions_browsMidVert_max": 0.24}, "fe_disgusted": {"Expressions_eyeSquintL_max": 0.3, "Expressions_mouthOpenAggr_min": 0.96, "Expressions_browOutVertR_max": 0.18, "Expressions_mouthHoriz_max": 0.18, "Expressions_cheekSneerL_max": 0.42, "Expressions_browSqueezeL_max": 0.72, "Expressions_browsMidVert_min": 0.3}, "fe_embarrassed01": {"Expressions_eyesVert_min": 0.72, "Expressions_mouthBite_max": 1.0, "Expressions_eyeClosedR_max": 0.36, "Expressions_eyesHoriz_min": 0.66, "Expressions_eyeClosedL_max": 0.36, "Expressions_browOutVertL_min": 0.3, "Expressions_browsMidVert_max": 0.72}, "fe_scared01": {"Expressions_mouthOpenAggr_min": 0.36, "Expressions_eyeClosedR_min": 0.96, "Expressions_browsMidVert_max": 0.24, "Expressions_eyeClosedL_min": 0.78, "Expressions_cheekSneerL_max": 0.36, "Expressions_browSqueezeL_max": 1.0, "Expressions_browSqueezeR_max": 0.96, "Expressions_eyesHoriz_max": 0.9, "Expressions_mouthSmileL_max": 0.12}, "fe_breathing_out": {"Expressions_chestExpansion_min": 1.0, "Expressions_abdomExpansion_max": 0.56}, "fe_offended01": {"Expressions_jawHoriz_max": 0.3, "Expressions_browsMidVert_max": 1.0, "Expressions_mouthOpenAggr_min": 0.42, "Expressions_eyesVert_max": 0.24, "Expressions_browOutVertL_max": 0.3, "Expressions_mouthClosed_min": 0.42}, "fe_evil01": {"Expressions_eyeSquintL_max": 0.48, "Expressions_eyesVert_max": 0.12, "Expressions_browOutVertR_max": 1.0, "Expressions_eyeSquintR_max": 0.12, "Expressions_cheekSneerL_max": 0.18, "Expressions_cheekSneerR_max": 0.18, "Expressions_mouthClosed_max": 0.72, "Expressions_mouthSmileL_max": 0.6, "Expressions_browsMidVert_min": 0.48}, "fe_posing01": {"Expressions_eyesVert_min": 0.2, "Expressions_browOutVertR_max": 1.0, "Expressions_eyeClosedR_min": 0.66, "Expressions_browsMidVert_max": 1.0, "Expressions_mouthOpenLarge_min": 0.54, "Expressions_eyeClosedL_min": 0.66, "Expressions_browOutVertL_max": 0.9}, "fe_wink01": {"Expressions_eyeSquintL_max": 0.3, "Expressions_eyeClosedPressureR_max": 1.0, "Expressions_mouthSmileR_max": 0.72, "Expressions_cheekSneerR_max": 0.48, "Expressions_browSqueezeR_max": 0.3, "Expressions_mouthSmileL_max": 0.12, "Expressions_browsMidVert_min": 0.6}, "fe_deglutition01": {"Expressions_deglutition_max": 1.0}, "fe_very_sad01": {"Expressions_browOutVertR_max": 0.4, "Expressions_mouthSmile_min": 0.9, "Expressions_browsMidVert_max": 1.0, "Expressions_eyeClosedL_min": 0.66, "Expressions_eyesVert_max": 0.2, "Expressions_eyeClosedR_min": 0.66, "Expressions_browOutVertL_max": 0.36, "Expressions_mouthSmileOpen2_min": 0.06, "Expressions_mouthClosed_max": 0.24, "Expressions_mouthSmileOpen_min": 0.12}, "fe_deglutition02": {"Expressions_deglutition_min": 1.0}, "fe_curious01": {"Expressions_mouthChew_max": 0.54, "Expressions_browOutVertR_max": 0.66, "Expressions_eyeClosedR_min": 0.36, "Expressions_browsMidVert_max": 0.42, "Expressions_eyeClosedL_min": 0.78, "Expressions_mouthSmileL_max": 0.12}, "fe_furious03": {"Expressions_mouthOpen_max": 1.0, "Expressions_cheekSneerL_max": 1.0, "Expressions_browSqueezeL_max": 1.0, "Expressions_browSqueezeR_max": 1.0, "Expressions_cheekSneerR_max": 1.0, "Expressions_browsMidVert_min": 1.0}, "fe_attentive01": {"Expressions_mouthChew_min": 1.0, "Expressions_browSqueezeL_max": 0.6, "Expressions_browSqueezeR_max": 0.06, "Expressions_browsMidVert_min": 0.36}, "fe_sad01": {"Expressions_mouthSmile_min": 0.24, "Expressions_eyeSquintL_min": 0.24, "Expressions_eyeSquintR_min": 0.3}}