{"phoneme_b_01": {"Expressions_mouthOpenO_max": 0.06, "Expressions_mouthLowerOut_min": 0.12, "Expressions_mouthOpen_min": 0.18}, "phoneme_d_01": {"Expressions_tongueOutPressure_max": 0.42, "Expressions_mouthClosed_min": 0.84}, "phoneme_t_01": {"Expressions_tongueTipUp_max": 0.26, "Expressions_mouthClosed_min": 0.72}, "phoneme_m_01": {"Expressions_mouthClosed_min": 0.18, "Expressions_mouthOpen_min": 0.6}, "phoneme_f_01": {"Expressions_mouthLowerOut_min": 0.48}, "phoneme_q_01": {"Expressions_mouthOpenO_min": 0.84}, "phoneme_r_01": {"Expressions_tongueTipUp_max": 0.36, "Expressions_mouthOpenO_max": 0.24}, "phoneme_w_01": {"Expressions_mouthOpenO_min": 0.84}, "phoneme_p_01": {"Expressions_mouthChew_max": 0.24, "Expressions_mouthOpen_min": 0.78}, "phoneme_a_01": {"Expressions_mouthOpen_max": 0.06, "Expressions_mouthSmileOpen2_max": 0.36}, "phoneme_o_01": {"Expressions_mouthOpenO_max": 0.12, "Expressions_mouthClosed_min": 1.0}, "phoneme_g_01": {"Expressions_mouthOpenTeethClosed_min": 0.36, "Expressions_mouthOpenAggr_max": 0.0}, "phoneme_o_02": {"Expressions_mouthOpenO_max": 0.84}, "phoneme_u_01": {"Expressions_mouthOpenHalf_max": 0.0, "Expressions_mouthClosed_min": 0.12, "Expressions_mouthOpenO_min": 0.6}, "phoneme_c_02": {"Expressions_mouthOpenLarge_min": 0.18, "Expressions_mouthOpenTeethClosed_min": 0.42, "Expressions_mouthClosed_min": 0.36}, "phoneme_e_01": {"Expressions_mouthSmile_max": 0.0, "Expressions_mouthLowerOut_min": 0.12, "Expressions_mouthOpenHalf_max": 0.12, "Expressions_mouthSmileOpen_max": 0.18}, "phoneme_b_02": {"Expressions_mouthChew_max": 0.24, "Expressions_mouthOpen_min": 0.6}, "phoneme_i_01": {"Expressions_mouthOpen_max": 0.06, "Expressions_mouthSmileOpen2_max": 0.36}, "phoneme_s_01": {"Expressions_tongueTipUp_max": 0.36, "Expressions_mouthClosed_min": 0.84}, "phoneme_i_02": {"Expressions_mouthClosed_max": 0.36, "Expressions_mouthOpen_max": 0.12, "Expressions_mouthLowerOut_min": 0.12, "Expressions_mouthSmileOpen2_max": 0.54}, "phoneme_z_01": {"Expressions_tongueTipUp_max": 0.36, "Expressions_mouthSmile_max": 0.12, "Expressions_mouthClosed_min": 0.6}, "phoneme_c_01": {"Expressions_mouthOpenAggr_min": 0.18, "Expressions_mouthOpen_max": 0.0, "Expressions_mouthClosed_min": 0.48, "Expressions_mouthLowerOut_max": 0.06}, "phoneme_l_01": {"Expressions_tongueTipUp_max": 0.48, "Expressions_mouthOpen_max": 0.24}, "phoneme_r_02": {"Expressions_tongueTipUp_max": 0.36, "Expressions_mouthOpenO_max": 0.24, "Expressions_mouthSmileOpen2_max": 0.24}, "phoneme_k_01": {"Expressions_mouthOpenAggr_min": 0.42, "Expressions_cheekSneerL_max": 0.12, "Expressions_cheekSneerR_max": 0.12, "Expressions_mouthClosed_min": 0.48, "Expressions_mouthLowerOut_max": 0.06}, "phoneme_a_02": {"Expressions_mouthClosed_max": 0.36, "Expressions_mouthOpen_max": 0.12, "Expressions_mouthLowerOut_min": 0.12, "Expressions_mouthSmileOpen2_max": 0.54}, "phoneme_n_01": {"Expressions_tongueOutPressure_max": 0.04, "Expressions_tongueTipUp_max": 0.06, "Expressions_mouthOpenHalf_max": 0.18, "Expressions_mouthSmileOpen_max": 0.12}}